7647600234,Amalle Reddin,m,1.73,73.0,1,78,Therapie
1553281538,Ninnette Semonin,m,1.5,105.9,2,31,Hypertrophie
6389923710,Aeriela Kendrick,m,1.53,63.8,3,92,Beweglichkeit
5290170107,Octavius Bernasek,m,1.59,60.0,4,18,Beweglichkeit
2680378939,Fleur Bartak,m,1.63,57.2,5,15,Ernaehrung
7135258442,Gabbi Elloit,m,1.6,83.9,6,99,Ernaehrung
6253227380,Judd Norley,m,1.72,111.3,7,100,Hypertrophie
8699185238,Tasia Scole,m,1.72,78.4,8,9,Therapie
4580729282,Ethelbert Townrow,m,1.89,114.1,9,85,Hypertrophie
4941894900,Baily Ellwell,f,1.93,117.9,10,82,Therapie
6414277706,Alexandre Bugs,m,1.6,60.0,11,6,Ausdauer
7767901504,Benny Maitland,f,1.53,69.0,12,76,Hypertrophie
7472412778,Rosita Wyness,m,1.73,73.0,13,61,Hypertrophie
4949094847,Howey Dyball,f,1.71,115.1,14,30,Beweglichkeit
7165396020,Hubey Corbridge,f,1.98,50.4,15,61,Ausdauer
4603980752,Shara Secrett,m,1.79,86.7,16,28,Beweglichkeit
8592179982,Randene Staten,m,1.55,98.6,17,74,Posing
4405356124,Kira Draxford,f,1.91,110.9,18,67,Posing
1840729019,Arny Alpine,m,1.89,89.8,19,46,Powerlifting
9832357459,Hadleigh Fauguel,m,1.52,55.7,20,58,Hypertrophie
9846021230,Reagen Debling,f,1.83,113.0,21,44,Posing
8109345569,Ursula Douthwaite,m,1.52,52.8,22,36,Posing
6689981474,Gustav Lightning,m,1.58,117.9,23,7,Posing
2932629242,Guy Fraczek,m,1.76,100.6,24,36,Hypertrophie
4176932202,Cherice Garahan,m,1.98,82.5,25,14,Therapie
3806052755,Angelico Golden of Ireland,m,1.88,63.7,26,100,Therapie
8015561789,Janine Klaggeman,m,1.74,63.4,27,95,Hypertrophie
5360417244,Carlo Awdry,f,1.66,83.9,28,100,Therapie
7401316181,Gabbi Rheaume,m,1.59,104.5,29,55,Powerlifting
6710484463,Rici Dach,m,1.52,56.8,30,34,Ernaehrung
1731891427,Sarene Vignal,m,1.61,107.7,31,20,Ausdauer
8812936284,Garner Furman,m,1.9,116.8,32,64,Beweglichkeit
2158877229,Loella Morehall,f,1.77,76.1,33,54,Therapie
2981890343,Whitney Lethabridge,m,1.85,117.0,34,65,Ernaehrung
4547212905,Manny Hancock,f,1.91,111.3,35,55,Powerlifting
6670614806,Genny Lunt,f,1.55,107.9,36,69,Powerlifting
4714917451,Jerry Filchagin,m,1.69,98.3,37,49,Hypertrophie
1654499381,Charlie Emmanueli,m,1.83,88.9,38,35,Beweglichkeit
6371664402,Madonna Meneer,f,1.63,95.5,39,94,Hypertrophie
5986947314,Hastie Rotchell,m,1.9,59.6,40,49,Posing
9350576124,Corbin Dunthorne,m,1.55,73.9,41,53,Beweglichkeit
9696893419,Carlee Fitzsymons,f,1.81,97.0,42,60,Ernaehrung
9083937635,Vilhelmina Sievewright,m,1.65,61.2,43,86,Posing
7964032478,Latrina Tunkin,f,1.75,64.3,44,37,Therapie
3314179731,Jess Willeman,m,1.75,88.5,45,73,Beweglichkeit
4627756166,Carma Bream,f,1.97,76.9,46,63,Ausdauer
7479338153,Claresta Ancketill,f,1.57,82.4,47,61,Hypertrophie
3633393650,Riva Corhane,m,1.63,83.9,48,79,Posing
6190403283,Rriocard Lavigne,m,1.77,107.3,49,77,Ausdauer
3006549471,Calli Bewick,m,1.96,87.1,50,66,Hypertrophie
2154299402,Saudra Strick,f,1.79,98.7,51,84,Powerlifting
8587425640,Orlando Bever,m,1.92,57.4,52,32,Therapie
1541191744,Christie Flement,m,1.5,67.9,53,90,Ausdauer
8274792471,Mil Howlings,m,1.76,119.2,54,35,Ausdauer
9799939418,Kathryn Steptoe,f,1.97,87.7,55,71,Beweglichkeit
8891725507,Madelena Walthew,f,1.75,109.3,56,81,Ernaehrung
2806471076,Irving Vowles,m,1.74,105.8,57,47,Posing
9586161205,Iain Mahody,f,1.72,108.1,58,6,Ausdauer
2697966041,Patsy Kos,m,1.58,118.9,59,58,Posing
4237739781,Bart McConville,f,1.76,118.0,60,42,Therapie
9359637447,Warde Aubray,f,1.67,106.6,61,33,Ernaehrung
7818782289,Katrina Birkenshaw,f,1.51,118.7,62,100,Powerlifting
2319309636,Omero Norval,f,1.55,51.0,63,58,Hypertrophie
5347173135,Minni Carruth,m,1.66,111.2,64,26,Posing
9573134415,Mia Longfut,f,1.68,109.8,65,41,Ausdauer
9932724477,Salvatore Roman,m,1.71,82.7,66,37,Hypertrophie
8148159636,Alane Bunting,m,1.61,99.4,67,82,Ernaehrung
7023192038,Daphene Harbage,m,1.63,104.2,68,26,Therapie
6283442520,Andee Keysall,f,1.68,53.7,69,30,Ernaehrung
1387876758,Emelyne More,f,1.87,81.1,70,15,Beweglichkeit
1920753354,Cordy Christaeas,m,1.98,103.6,71,90,Posing
2693469984,Hunfredo Broose,f,1.51,86.6,72,89,Therapie
1426426638,Hanni Lambin,m,1.65,82.5,73,58,Ausdauer
8385463467,Ruddie Ledson,f,1.83,67.7,74,3,Therapie
1368762432,Netty Elgee,f,1.87,53.8,75,96,Beweglichkeit
2900522150,Koressa Antuk,m,1.64,72.4,76,67,Hypertrophie
4776077645,Murray Siemandl,f,1.96,55.6,77,41,Posing
5288897783,Lemmy Broose,m,2.0,87.1,78,97,Posing
8509674944,Jarib Gatherer,f,1.81,74.4,79,83,Ausdauer
6617200734,Yovonnda Smallman,f,1.94,100.0,80,6,Ernaehrung
6323759567,Nari Jiles,m,1.89,110.9,81,37,Posing
1548506465,Jedd Slaughter,f,1.59,64.8,82,56,Ausdauer
4687657750,Eward Morpeth,m,1.82,67.5,83,46,Posing
6807625461,Tomkin Mintoft,f,1.98,66.6,84,42,Ernaehrung
9466184741,Jackqueline Bradmore,m,1.62,90.8,85,75,Hypertrophie
2889280267,Deedee Kleinstern,m,1.75,96.1,86,34,Ernaehrung
8849797803,Sal Bohlmann,m,1.65,54.0,87,46,Ausdauer
4366280361,Chandler Brotherick,f,1.68,86.5,88,74,Posing
8983649235,Louisette Goldstein,f,1.98,91.6,89,52,Beweglichkeit
5057648756,Johan Seppey,m,1.79,117.5,90,74,Beweglichkeit
9339039268,Nerty Whybrow,f,1.96,78.8,91,68,Ernaehrung
6757866348,Betsey Whight,f,1.88,88.2,92,54,Beweglichkeit
5465620711,Livvie Brok,m,1.9,60.2,93,85,Powerlifting
9294223305,Mabelle Corbyn,m,1.53,86.3,94,98,Posing
5274985240,Obediah Dallison,f,1.67,62.0,95,43,Ausdauer
7522152669,Faunie Cousin,f,1.81,103.7,96,25,Ernaehrung
2313025467,Seana Gristhwaite,f,1.83,110.7,97,61,Therapie
3262179141,Theobald Tamlett,m,1.73,90.1,98,86,Therapie
5272866980,Doris Zanetto,m,1.58,62.8,99,25,Powerlifting
8667747388,Josias Kinchley,m,1.92,101.2,100,62,Therapie
2040755117,Riley Philippson,f,1.56,92.1,77215,22,Powerlifting
3106203118,Kiri Frossell,m,1.87,96.7,61203,15,Powerlifting
1230071324,Neill Bott,f,1.82,107.8,78651,88,Beweglichkeit
9262318917,Heda Skylett,m,1.93,78.3,88157,43,Powerlifting
2228535560,Alberta Pache,m,1.79,76.4,23714,30,Beweglichkeit
1690840674,Rennie Dunning,m,1.58,55.4,79101,21,Posing
1108082336,Barney Tolemache,f,1.92,100.3,13650,67,Posing
6320342887,Myrtice Napoleone,m,1.77,95.9,4239,35,Ernaehrung
2579882466,Consuela Brende,m,1.87,94.3,63480,71,Therapie
5116543432,Coral De Brett,f,1.54,88.1,56059,69,Hypertrophie
9549560045,Beulah Norewood,f,1.56,70.7,61185,90,Ernaehrung
4572290088,Giorgia Shilladay,f,1.88,108.0,72245,17,Therapie
3550349004,Ade Beaze,f,1.62,79.6,58370,55,Powerlifting
5917796618,Brear Turtle,f,1.93,58.8,59380,3,Hypertrophie
2143704579,Spencer Szymonwicz,m,1.87,99.9,4007,99,Posing
4130086326,Abby Christoffels,f,1.78,50.5,20297,8,Beweglichkeit
8833013452,Karlen Carek,m,1.98,111.5,11382,95,Ernaehrung
7994750224,Aloin Merton,m,1.53,98.0,12786,81,Hypertrophie
6282232015,Jereme Balaisot,f,1.51,69.4,80431,17,Beweglichkeit
7268394107,Noelle Whitlaw,f,1.94,93.0,43684,6,Beweglichkeit
2978575467,Pete Lohde,m,1.97,78.0,91994,75,Ausdauer
5886324695,Barnett Byres,f,1.56,91.7,3644,78,Therapie
1280106632,Boycie Nardoni,m,1.56,63.2,62457,85,Posing
8435091727,Gil Boyland,m,1.69,118.2,7709,88,Powerlifting
7236912465,Bunny Pisculli,m,1.69,70.8,52228,14,Hypertrophie
5573226435,Savina Haugg,f,1.57,55.4,6577,83,Ernaehrung
1239341713,Marcille Mitcheson,m,1.7,51.8,41019,33,Powerlifting
3325094071,Florry Furnell,m,1.58,52.9,27927,3,Hypertrophie
7030111684,Lucita Durning,f,1.93,55.6,53615,80,Powerlifting
3281747954,Kathlin Koche,m,1.54,57.2,37832,17,Ernaehrung
9512620593,Norene Gallichiccio,m,1.91,84.7,51996,37,Ausdauer
9447974934,Priscilla Liston,m,1.84,59.7,12388,37,Posing
5329493337,Delilah Defield,m,1.56,78.0,13772,50,Beweglichkeit
3650328368,Cherida Gladeche,f,1.76,103.1,67232,65,Posing
7472571325,Eilis Alexandrou,m,1.7,83.1,55306,61,Hypertrophie
6310219393,Leonelle Donalson,m,1.75,105.0,31877,31,Hypertrophie
6242588494,Timoteo Conrath,f,1.63,75.2,28102,26,Posing
5300836204,Merill Schoffel,m,1.88,110.7,91526,57,Ernaehrung
1255128622,Alyssa Waadenburg,f,1.55,60.3,17860,78,Powerlifting
7546767803,Darla Pull,m,1.69,105.8,69794,9,Therapie
5302339277,Tera Alf,f,1.55,51.3,43937,87,Ausdauer
5721996640,Ann-marie Bentinck,m,1.87,56.7,64532,20,Therapie
9786076116,Mariquilla McIlvaney,m,1.5,118.0,84953,93,Beweglichkeit
7598781026,Fran Shale,f,1.61,104.8,22222,16,Beweglichkeit
7919528756,Aileen Brumfitt,m,1.77,104.0,76445,46,Therapie
4098936919,West Hollow,m,1.56,55.2,3456,72,Ernaehrung
4878470063,Nikolas Kimmince,f,1.56,55.8,23661,10,Hypertrophie
7671864977,Skippy Servante,m,1.64,85.4,18740,34,Ernaehrung
8936900049,Nickolaus Valentine,f,1.91,104.4,19085,73,Hypertrophie
3145682836,Hamil Pichmann,f,1.65,103.6,13144,48,Powerlifting
3221914961,Arlene Lowsely,m,1.74,64.9,80179,75,Hypertrophie
5371044088,Christi Ohms,f,1.79,110.4,64939,70,Therapie
3131178852,Alane Danielis,m,1.93,110.8,88571,45,Therapie
5061108096,Griswold Isaksson,m,1.68,75.4,21067,40,Beweglichkeit
1347583646,Gloria Hembrow,f,1.68,101.4,13637,75,Ausdauer
9363463051,Ilyssa Romayne,m,1.88,73.5,16076,94,Posing
9778361314,Debbi Duer,f,1.64,108.3,68653,10,Ausdauer
6168977481,Trefor Renison,m,1.86,112.5,55696,89,Powerlifting
4045706618,Cyndi Hurles,f,1.94,53.6,24520,63,Ausdauer
9916397741,Hedvige Verriour,f,1.94,109.4,23920,89,Hypertrophie
1821516397,Marmaduke Cutridge,f,1.52,50.6,23175,83,Therapie
2454830598,Carla Crombie,m,1.82,67.5,12876,90,Hypertrophie
3769213998,Lin Beacon,f,1.83,105.9,37016,16,Ausdauer
9372617282,Ingmar Pargent,f,1.64,104.2,31227,100,Ausdauer
2484089087,Ilysa Ritchman,m,1.98,79.8,61983,78,Powerlifting
6948462264,Hodge Chadbourn,m,1.8,85.3,47114,36,Ernaehrung
4217252863,Simone Trusty,m,1.57,70.1,34781,6,Therapie
3819018659,Celestia Lavrinov,f,1.95,75.8,72751,58,Beweglichkeit
4525002546,Tiffi Hargie,m,1.73,111.8,19317,30,Ernaehrung
9691048237,Tom Habershaw,m,1.82,61.5,48141,98,Hypertrophie
8807619503,Roxy Boram,m,1.68,62.3,84674,88,Posing
3368850445,Griswold Torrecilla,m,1.71,97.5,89424,20,Powerlifting
9037254212,Julianne Ivashintsov,m,1.76,52.9,66373,87,Ausdauer
8450382713,Chuck Ambrogio,f,1.83,66.5,50493,75,Ausdauer
8589290961,Yvonne Creasey,f,1.92,61.9,21981,26,Therapie
3002033259,Aili Bowcock,m,1.9,57.0,48481,94,Powerlifting
2662155951,Christye Bassom,m,1.86,100.4,86166,34,Beweglichkeit
1372097082,Donnamarie McAvaddy,m,1.91,52.9,2893,28,Therapie
9886836496,Alleyn Bilby,m,2.0,67.8,7991,16,Hypertrophie
6823825212,Jarad Deal,m,1.65,80.8,67455,37,Posing
5227967162,Breanne Olman,m,1.8,106.8,89855,47,Ernaehrung
7818745725,Beverly Troy,f,1.52,74.1,74271,3,Posing
1235752818,Robby Edkins,m,1.71,70.2,25143,35,Ernaehrung
5124807344,Eugene Allsop,f,1.69,79.1,47389,82,Ausdauer
7445940986,Tressa Dugood,f,1.51,89.6,55445,12,Beweglichkeit
1338658456,Gabi Raylton,m,1.91,65.1,9901,50,Posing
5187366400,Mariellen Corry,f,1.83,50.6,91861,16,Therapie
7518033958,Shurlocke Cheak,f,1.86,103.4,11359,66,Beweglichkeit
6212897443,Avrit Willgrass,f,1.63,87.5,63283,13,Hypertrophie
2621058402,Clayborne Dargavel,m,1.59,59.3,62796,89,Powerlifting
9237751361,Danie Flindall,m,1.68,103.6,39479,39,Therapie
4481036502,Sanford Gavozzi,m,1.7,98.3,49194,33,Powerlifting
6527804921,Tani Loding,f,1.53,78.3,19106,62,Beweglichkeit
9429072253,Jaquenette Ackerley,m,1.6,53.3,73573,25,Beweglichkeit
7795411353,Tracee Lang,f,1.55,87.2,51005,94,Hypertrophie
3387482171,Cyril Ambrogelli,m,1.51,105.7,70580,66,Ausdauer
3229155890,Caralie Willcox,f,1.72,104.2,61765,95,Ausdauer
1565193948,Anny Mc Carrick,m,1.68,78.7,4063,78,Therapie
5742262393,Crawford Jozef,m,1.93,108.4,34126,61,Powerlifting
3639112788,Urbanus Knobell,f,1.83,101.0,15316,69,Ernaehrung
5320748096,Shandeigh Last,f,1.67,50.2,63476,78,Ausdauer
2567929727,Jessika Dallewater,f,1.58,104.1,72570,15,Hypertrophie
3711639927,Ulrika Masters,f,1.68,109.4,46067,30,Powerlifting
3064384560,Merna Hammerberg,f,1.99,88.0,31900,43,Powerlifting
5954613490,Moritz Gregoratti,f,1.84,76.9,67832,66,Hypertrophie
2196164287,Benoite Vaux,m,1.87,116.9,62981,10,Powerlifting
7531607129,Phillipe Gravenor,f,1.58,62.2,15666,39,Posing
3035514473,Sharla Hamblington,m,1.82,108.2,17062,47,Hypertrophie
3327260294,Dewain Charrisson,f,1.85,96.6,24348,33,Powerlifting
2862111133,Ada Job,m,1.94,113.5,18107,8,Posing
3321660171,Melamie Overland,f,1.99,119.9,40358,45,Beweglichkeit
2034403902,Mair Klausewitz,f,1.78,85.7,34230,23,Posing
9599760235,Bonnie Meah,m,1.88,88.7,46334,59,Powerlifting
8040768777,Querida McBain,f,1.73,114.2,12040,9,Hypertrophie
3882426353,Dorine Harriot,m,1.82,50.8,46132,36,Ausdauer
5716867254,Beau Lodden,f,1.93,88.0,4584,23,Posing
5662336229,Adrienne Priddy,m,1.59,119.1,19241,70,Powerlifting
9903895291,Kyle Gawkes,m,1.81,76.9,94199,82,Ernaehrung
2505096873,Daron Reymers,m,1.66,108.2,18560,83,Hypertrophie
2005142838,Erik Vanni,m,1.68,90.1,85409,99,Hypertrophie
2673073929,Nehemiah Dragon,f,1.84,96.3,51876,38,Hypertrophie
9417122638,Galina Pobjay,m,1.85,100.4,24662,31,Ernaehrung
8929981838,Constance Caville,f,1.68,68.0,53052,72,Ausdauer
3674356798,Oberon Woodfield,m,1.87,117.8,14626,4,Posing
1899150121,Salvidor Cardow,m,1.8,91.3,22470,58,Therapie
5171746512,Florie Storer,m,1.53,93.0,20925,71,Powerlifting
5276531688,Scarface Josefsson,m,1.56,118.3,78107,73,Therapie
6517964993,Marnie Capun,f,1.97,64.8,71975,56,Hypertrophie
8509210044,Chloe Landell,m,1.77,94.6,27737,64,Hypertrophie
9825312414,Adrienne Awcoate,m,1.54,98.7,94336,19,Therapie
4428232110,Kellyann Raistrick,f,1.58,108.7,68190,8,Powerlifting
2157514958,Teodor McVrone,f,1.63,82.1,29351,72,Powerlifting
8494605174,Davin Khidr,m,1.96,62.2,64822,85,Therapie
3118138361,Marya Ochterlony,m,1.68,113.6,73013,42,Therapie
7760579137,Johnathan Clemoes,m,1.59,77.7,62209,60,Ausdauer
8710456435,Karney Koop,f,1.64,61.0,50929,57,Beweglichkeit
3007825708,Alberik Carwithim,m,1.76,85.2,5922,77,Therapie
7023306114,Walt Jennick,m,1.75,71.4,13620,29,Beweglichkeit
6370076953,Nikolas Rixon,m,1.72,61.7,43507,48,Beweglichkeit
7587441731,Udall Delve,m,1.51,101.1,9366,8,Powerlifting
4827938239,Teodor Kenewel,m,1.93,64.4,54330,38,Posing
8291827692,Thebault Isacoff,m,1.98,72.0,6998,61,Powerlifting
9719390199,Fleming Buffham,m,1.59,105.0,27595,41,Beweglichkeit
8132400713,Orsola Anneslie,f,1.73,114.0,43079,38,Ernaehrung
8993139162,Damita Fairbrass,f,1.71,62.2,88127,7,Ernaehrung
9303029702,Maressa Ellse,m,1.5,61.6,2619,35,Ernaehrung
1456601602,Sallyann Rosenbarg,f,1.86,61.5,16240,21,Ausdauer
8917119926,Randy Glaves,f,1.73,95.4,47213,19,Powerlifting
3538612524,Renelle Elvy,f,1.58,102.2,39427,61,Hypertrophie
7162431568,Hew Chater,m,1.76,100.7,29452,21,Ausdauer
2613089717,Del Hendriksen,m,1.99,60.3,63183,83,Beweglichkeit
8775093542,Vanny Suche,f,1.87,104.2,43687,59,Hypertrophie
9063501160,Giff O Collopy,m,1.93,76.6,83852,56,Ernaehrung
8226135403,Gill Sellack,m,1.63,90.1,79185,31,Beweglichkeit
3179367964,Brittne Zemler,m,1.91,68.4,43060,98,Posing
6685966668,Lanny Ledwidge,m,1.52,108.5,46488,45,Ausdauer
3896869241,Nichole Dandison,f,1.7,97.7,37208,77,Hypertrophie
8005931126,Mandel Fallows,f,1.52,106.9,33462,36,Therapie
6916756048,Kendall Heineking,m,1.88,88.5,82912,39,Powerlifting
2157582113,Samuele Farnes,m,1.77,94.6,2028,82,Hypertrophie
2673627712,Carlin Dudgeon,f,1.97,86.8,47235,73,Beweglichkeit
8713496448,Nathaniel Ratke,m,1.91,57.9,68567,55,Ausdauer
4630863966,Bobbi Ollin,f,1.63,111.1,18725,57,Therapie
6409839640,Edi Bussons,f,1.63,118.1,97001,75,Therapie
4979238711,Willey Smallcomb,f,2.0,116.3,13841,14,Posing
1483159312,Gretel Richardes,m,1.89,112.1,1456,12,Ernaehrung
6944062524,Jeniece Dobney,f,1.78,115.3,33275,46,Therapie
5653672452,Anica Ecker,f,1.8,50.5,42625,82,Powerlifting
7281032706,Lind Barneveld,f,1.96,63.8,85308,78,Ausdauer
9809959561,Harriet Swarbrigg,m,1.89,80.3,52017,75,Powerlifting
5231393153,Alexandro Noore,f,1.96,105.3,34505,18,Therapie
8367045826,Taylor Hammerberger,f,1.93,102.4,23624,78,Posing
3157381719,Leesa Scothern,m,1.87,86.0,42486,4,Powerlifting
5547757760,Alyda Haselden,f,1.72,54.4,95632,51,Therapie
8371537309,Juliano Lochan,m,1.77,66.1,52948,56,Ausdauer
3344236575,Hobard Momford,f,1.81,113.9,9251,99,Powerlifting
5381734633,Alvy Dedrick,m,1.68,73.1,23348,28,Beweglichkeit
4483757462,Shannen Calkin,f,1.67,65.8,90933,99,Ernaehrung
3970030644,Hillel Barwis,m,1.75,55.6,99695,80,Ernaehrung
1512366083,Sophia Piser,f,1.83,60.3,60152,93,Ernaehrung
6202826592,Brendon Crabbe,m,1.65,92.1,61901,73,Ernaehrung
2045547662,Reube Rawles,m,1.88,114.3,83496,15,Ernaehrung
2559591357,Wrennie Elleyne,m,1.95,74.3,93412,53,Posing
5417086321,Gard Forestall,f,1.83,51.6,9949,47,Hypertrophie
4454900730,Griffin Ryson,m,1.7,53.6,82136,52,Posing
5760701401,Nikolaos Linkleter,m,1.56,63.4,79778,34,Ernaehrung
9601821426,Murial Lannon,m,1.82,94.0,58032,81,Beweglichkeit
7886812311,Chantalle Kear,f,1.84,57.4,70839,53,Ernaehrung
9104784940,Jeanna Cabane,f,1.59,99.9,33054,10,Therapie
2973107907,Amabel Mounch,m,1.65,56.8,22394,95,Ernaehrung
7792826472,Ange Menichini,f,1.79,92.0,36026,10,Powerlifting
6785267876,Estel Toll,m,1.7,79.2,23201,12,Ausdauer
4680266778,Yalonda Powderham,m,1.62,93.5,88018,69,Ernaehrung
7098594555,Vale Faloon,f,1.55,86.8,41402,99,Posing
3220264109,Ofilia Scatcher,f,1.81,63.2,53277,87,Hypertrophie
6807534928,Aurelie Spens,f,1.83,75.3,71203,17,Therapie
5652208961,Carmine Reilly,f,1.59,50.7,12551,91,Beweglichkeit
2245063891,Helene Mahedy,m,1.67,68.1,21527,78,Therapie
7277819810,Robin Itzchaki,f,1.71,97.4,5256,74,Ernaehrung
7404481228,Denyse Hannen,m,1.61,54.6,83590,52,Powerlifting
7282038483,Sigismundo Kittow,m,1.91,79.1,45821,51,Posing
6429341873,Bearnard Ritmeyer,m,1.81,54.0,39666,56,Beweglichkeit
4644912338,Regan Gavin,m,1.72,92.7,74974,36,Ernaehrung
3820542948,Gretel Sculpher,f,1.58,94.6,64580,48,Powerlifting
8189990501,Dmitri Curragh,f,1.78,98.7,23740,25,Powerlifting
5496898135,Amity Rikkard,f,1.72,68.1,60856,20,Posing
1952932317,Janaya Broadbent,f,1.62,112.6,53071,82,Hypertrophie
1680087211,Robbyn Arkil,m,1.63,55.7,97970,9,Beweglichkeit
3592660550,Sydelle Stanfield,m,1.64,76.7,29437,79,Ernaehrung
8696455554,Tabor Prestedge,m,1.82,83.2,59248,71,Ausdauer
1119640649,Emery Seres,f,1.59,82.9,79379,100,Beweglichkeit
4227166556,Gal De Bellis,f,1.79,85.8,26763,26,Powerlifting
4653679862,Mercy Grunbaum,m,1.74,79.3,47793,27,Powerlifting
1508989090,Federico Splaven,f,1.6,93.6,92530,59,Powerlifting
5431864314,Emmaline Morston,m,1.92,86.9,64542,15,Ernaehrung
7946344171,Catharina Jesse,m,1.76,95.2,34679,13,Ernaehrung
1643715975,Aida Assiratti,f,1.56,85.4,16519,13,Therapie
8913412061,Marin Purdom,m,2.0,93.1,61592,89,Hypertrophie
3486117136,Denyse Dimitrie,m,1.98,85.1,58287,80,Powerlifting
5108667802,Ahmad Huggett,m,1.77,80.2,34462,38,Therapie
5924669487,Talia Bubear,f,1.97,50.6,70567,17,Ernaehrung
8344964926,Dudley Stowers,f,1.97,112.2,60319,59,Ernaehrung
8596011879,Hestia Caveau,f,1.84,64.6,98585,58,Ernaehrung
3183459211,Blaney O Carran,m,1.97,81.2,34600,95,Ernaehrung
9487494028,Mellie Tutchell,m,1.7,81.1,22209,83,Therapie
7553422137,Easter Tremathack,m,1.97,97.5,96590,71,Beweglichkeit
4065338238,Lynnell Danilovic,m,1.79,111.4,9837,85,Powerlifting
6155495821,Evangelin Standfield,m,1.8,96.4,24245,74,Ernaehrung
4444796090,Morgan Vlasov,f,1.88,116.5,41131,65,Posing
5860780770,Jacynth Prestidge,f,1.62,72.3,13916,75,Beweglichkeit
4370665691,Rae Barritt,f,1.86,99.0,6358,58,Therapie
2706282537,Ermengarde Soeiro,m,2.0,71.9,88375,53,Hypertrophie
6443368078,Yorgo Mercy,f,1.59,108.5,88956,37,Powerlifting
3601666599,Lynelle Inder,m,1.74,92.7,78889,43,Ernaehrung
6398096017,Montgomery Hutchence,m,2.0,89.8,27263,15,Hypertrophie
6405801100,Kane Vibert,f,1.71,89.3,80460,16,Powerlifting
3230715056,Tymothy Kretchmer,m,1.95,61.5,45100,69,Posing
3523117402,Dame Shinton,f,1.8,108.2,51566,52,Ernaehrung
4714159306,Lena Hardey,m,1.9,87.1,47039,99,Therapie
2606303766,Cassi Latham,f,1.91,69.3,49351,47,Therapie
2122273400,Theda Stonhouse,f,1.63,55.9,36364,36,Posing
9731949254,Benito Swaddle,m,1.62,79.5,44088,63,Powerlifting
9094324792,Marijo Bagenal,f,1.92,87.5,29053,63,Ausdauer
1493605244,Heloise Peacocke,f,1.5,59.8,8602,69,Therapie
6449000654,Anne-marie Sobczak,m,1.88,54.1,52615,69,Ausdauer
5018940219,Dorisa Beccera,f,1.93,57.1,43164,14,Therapie
9367172547,Lucie Beecker,f,1.83,85.5,34844,51,Therapie
5686589421,Joly Galier,f,1.56,112.2,45222,9,Posing
5005561529,Grete Erskine Sandys,f,1.86,73.5,63355,3,Ernaehrung
3263467946,Fair Valenta,f,1.62,54.5,85584,31,Therapie
1043222854,Brodie Mussared,m,1.56,56.8,96664,48,Beweglichkeit
9217921614,Hinda Tibalt,m,1.56,85.8,87560,94,Hypertrophie
9478412377,Jana Kinton,f,1.85,83.6,21443,95,Hypertrophie
4376551662,Cam Reuther,f,1.62,112.2,20750,88,Powerlifting
7063415070,Gustavo Pumphrey,f,1.87,77.7,54519,60,Therapie
6010446494,Cleavland Worley,m,1.99,119.5,85143,48,Posing
4601125234,Leticia Grindley,f,1.59,114.3,5761,36,Powerlifting
1961026545,Karilynn Plain,f,1.6,117.7,82323,78,Ausdauer
9119349309,Pierrette Galliard,f,1.84,56.0,79705,14,Therapie
9008308403,Jamill Hugues,m,1.77,56.1,87550,22,Powerlifting
8456691525,Gibb Memory,m,1.99,92.6,3468,27,Beweglichkeit
6572690586,Adelheid Brandom,m,1.76,80.4,98941,40,Hypertrophie
8312500175,Ezmeralda Minigo,f,1.6,111.0,31924,5,Hypertrophie
3661203778,Ellen Hargate,f,1.61,68.3,77508,70,Posing
7049577457,Patrice Elgood,m,1.55,71.1,32956,43,Beweglichkeit
8753926508,Carolina Yitzhakov,m,1.63,60.1,5984,71,Hypertrophie
1331073211,Sigfrid Manson,m,1.72,57.3,76738,63,Beweglichkeit
4344789759,Filippa Matussow,m,1.5,98.9,38118,88,Posing
7623149338,Jodee Skottle,f,1.51,91.7,50342,74,Hypertrophie
7236854244,Chantalle Smalecombe,m,1.98,70.4,83256,44,Powerlifting
6093629357,Dennie Mora,f,1.6,108.7,46976,89,Posing
2543550974,Janice Pound,f,1.77,83.0,39425,24,Ernaehrung
8978933811,Ruthi Fairbanks,f,1.57,52.4,65920,56,Posing
2366090030,Jerrie Parrett,m,1.94,97.9,53995,82,Ausdauer
7034424593,Clary Bifield,m,1.61,66.4,42635,81,Ernaehrung
1969232411,Louie Labbez,f,1.77,53.9,4625,90,Ausdauer
2570768309,Marsh Ostridge,m,1.72,116.0,41799,59,Ausdauer
2068425280,Luce Jayes,f,1.7,111.6,40328,97,Hypertrophie
5385401512,Lesly Yelland,m,1.88,99.1,13797,3,Ausdauer
2813882565,Jeniece Chave,m,1.65,81.4,56860,31,Ausdauer
7378103712,Giorgia Bain,f,1.77,110.0,85221,3,Beweglichkeit
3897786706,Wynny Slight,f,1.65,119.5,52132,90,Beweglichkeit
5803819106,Arley Haithwaite,m,1.82,76.8,62580,26,Therapie
7753611936,Barnard Dalgarnocht,m,1.63,110.6,9510,39,Beweglichkeit
4299990066,Webb Monnery,m,1.64,119.2,76913,75,Powerlifting
7264228597,Ertha Romanski,f,1.97,108.3,81439,14,Posing
6462122737,Sinclare Pattingson,m,1.93,64.5,77153,35,Ernaehrung
8330860530,Zacharias Etherton,f,1.84,105.5,65558,37,Posing
5309857814,Robbie Sampson,f,1.73,67.3,53181,99,Beweglichkeit
2750054465,Selby Milsom,f,1.78,103.6,23238,47,Beweglichkeit
2863986779,Gretchen Caldero,f,1.62,85.5,2533,25,Ausdauer
6009326265,Barbette Filipowicz,f,1.65,57.2,9452,38,Ernaehrung
9294828279,Ava Iorillo,m,1.69,80.2,28412,20,Therapie
9307100002,Vin Callingham,m,1.97,111.7,3334,68,Hypertrophie
7089014837,Nicolis Tupie,m,1.54,53.1,35827,15,Posing
9698579956,Annis Iacovino,f,1.83,69.8,88427,71,Ernaehrung
9191857406,Husain Liversedge,f,1.93,112.7,29692,89,Ernaehrung
6535662639,Lorettalorna Worthing,m,1.74,89.0,36027,37,Ausdauer
5480262850,Casar Kelcher,f,1.58,83.6,90602,70,Ernaehrung
5799555686,Rubina Mathie,f,1.88,103.3,34269,79,Powerlifting
